{"cameraMode":{"drawMode":0,"name":"Shaded","section":"Shading Mode"},"sceneLighting":true,"audioPlay":false,"sceneViewState":{"showFog":true,"showMaterialUpdate":false,"showSkybox":true,"showFlares":true,"showImageEffects":true,"showParticleSystems":true},"in2DMode":false,"pivot":{"x":-3.720493793487549,"y":3.1373677253723146,"z":-1.9108954668045045},"rotation":{"x":0.2953505218029022,"y":0.39089030027389529,"z":-0.13402511179447175,"w":0.8614048361778259},"size":1.1036028861999512,"orthographic":false}