{"cameraMode":{"drawMode":0,"name":"Shaded","section":"Shading Mode"},"sceneLighting":true,"audioPlay":false,"sceneViewState":{"showFog":true,"showMaterialUpdate":false,"showSkybox":true,"showFlares":true,"showImageEffects":true,"showParticleSystems":true},"in2DMode":false,"pivot":{"x":10.942502975463868,"y":-7.08880090713501,"z":-4.306129455566406},"rotation":{"x":0.18872985243797303,"y":-0.2812933623790741,"z":0.056525424122810367,"w":0.9391849637031555},"size":15.850076675415039,"orthographic":false}