{"cameraMode":{"drawMode":0,"name":"Shaded","section":"Shading Mode"},"sceneLighting":true,"audioPlay":false,"sceneViewState":{"showFog":true,"showMaterialUpdate":false,"showSkybox":true,"showFlares":true,"showImageEffects":true,"showParticleSystems":true},"in2DMode":false,"pivot":{"x":1.7847541570663453,"y":-3.3865432739257814,"z":1.5583834648132325},"rotation":{"x":0.44027844071388247,"y":-0.03635132312774658,"z":0.01784282550215721,"w":0.8969523310661316},"size":18.96091651916504,"orthographic":false}